{
  "iconPrompts": {
    "browser": {
      "LaunchBrowser": {
        "basic": "Minimalist flat icon of a web browser window opening with a green play button or rocket launching from it, simple geometric shapes, light blue and green gradient, white background, 512x512, vector style, no text",
        "enhanced": "Modern UI icon design, minimalist flat icon of a web browser window opening with a green play button, professional software icon, clean geometric shapes, light blue (#4FC3F7) and green (#66BB6A) gradient, white background, 512x512, vector style, no text, flat design 2.0",
        "colors": ["#4FC3F7", "#66BB6A"]
      },
      "CloseBrowser": {
        "basic": "Minimalist flat icon of a web browser window with a red X or close button, simple geometric shapes, red and gray colors, white background, 512x512, vector style, no text",
        "enhanced": "Modern UI icon design, minimalist flat icon of a web browser window with a red X button, professional software icon, clean geometric shapes, red (#EF5350) and gray (#78909C) colors, white background, 512x512, vector style, no text, flat design 2.0",
        "colors": ["#EF5350", "#78909C"]
      },
      "Navigate": {
        "basic": "Minimalist flat icon of a compass needle or arrow pointing forward on a browser window, simple geometric shapes, blue and purple gradient, white background, 512x512, vector style, no text",
        "enhanced": "Modern UI icon design, minimalist flat icon of a compass needle on a browser window, professional software icon, clean geometric shapes, blue (#1E88E5) and purple (#7E57C2) gradient, white background, 512x512, vector style, no text, flat design 2.0",
        "colors": ["#1E88E5", "#7E57C2"]
      }
    },
    "interactions": {
      "Click": {
        "basic": "Minimalist flat icon of a cursor pointer clicking with radiating circles showing action, simple geometric shapes, orange and yellow colors, white background, 512x512, vector style, no text",
        "enhanced": "Modern UI icon design, minimalist flat icon of a cursor pointer clicking with ripple effect, professional software icon, clean geometric shapes, orange (#FF9800) and yellow (#FFC107) colors, white background, 512x512, vector style, no text, flat design 2.0",
        "colors": ["#FF9800", "#FFC107"]
      },
      "TypeInto": {
        "basic": "Minimalist flat icon of a keyboard or text input field with typing cursor blinking, simple geometric shapes, teal and blue colors, white background, 512x512, vector style, no text",
        "enhanced": "Modern UI icon design, minimalist flat icon of a text input field with blinking cursor, professional software icon, clean geometric shapes, teal (#26A69A) and blue (#42A5F5) colors, white background, 512x512, vector style, no text, flat design 2.0",
        "colors": ["#26A69A", "#42A5F5"]
      },
      "TypeIntoAdvanced": {
        "basic": "Minimalist flat icon of a keyboard with stars or sparkles above it showing advanced features, simple geometric shapes, purple and blue gradient, white background, 512x512, vector style, no text",
        "enhanced": "Modern UI icon design, minimalist flat icon of a keyboard with sparkles showing advanced features, professional software icon, clean geometric shapes, purple (#9C27B0) and blue (#5E35B1) gradient, white background, 512x512, vector style, no text, flat design 2.0",
        "colors": ["#9C27B0", "#5E35B1"]
      },
      "FindElementByDescription": {
        "basic": "Minimalist flat icon of a magnifying glass with AI brain or sparkles inside searching through webpage elements, simple geometric shapes, cyan and purple gradient, white background, 512x512, vector style, no text",
        "enhanced": "Modern UI icon design, minimalist flat icon of a magnifying glass with AI sparkles searching webpage elements, professional software icon, clean geometric shapes, cyan (#00BCD4) and purple (#AB47BC) gradient, white background, 512x512, vector style, no text, flat design 2.0",
        "colors": ["#00BCD4", "#AB47BC"]
      },
      "TakeScreenshot": {
        "basic": "Minimalist flat icon of a camera lens or camera shutter button over a browser window, simple geometric shapes, pink and purple colors, white background, 512x512, vector style, no text",
        "enhanced": "Modern UI icon design, minimalist flat icon of a camera shutter button over browser window, professional software icon, clean geometric shapes, pink (#EC407A) and purple (#BA68C8) colors, white background, 512x512, vector style, no text, flat design 2.0",
        "colors": ["#EC407A", "#BA68C8"]
      },
      "GetText": {
        "basic": "Minimalist flat icon of text lines being extracted from a document with an arrow pulling them out, simple geometric shapes, green and blue colors, white background, 512x512, vector style, no text",
        "enhanced": "Modern UI icon design, minimalist flat icon of text lines being extracted from document, professional software icon, clean geometric shapes, green (#66BB6A) and blue (#42A5F5) colors, white background, 512x512, vector style, no text, flat design 2.0",
        "colors": ["#66BB6A", "#42A5F5"]
      },
      "GetTable": {
        "basic": "Minimalist flat icon of a spreadsheet grid or table with data rows being extracted, simple geometric shapes, emerald green colors, white background, 512x512, vector style, no text",
        "enhanced": "Modern UI icon design, minimalist flat icon of a spreadsheet grid with data rows, professional software icon, clean geometric shapes, emerald green (#26A69A) and teal (#00897B) colors, white background, 512x512, vector style, no text, flat design 2.0",
        "colors": ["#26A69A", "#00897B"]
      },
      "ElementExists": {
        "basic": "Minimalist flat icon of a checkbox with a magnifying glass checking for presence, simple geometric shapes, green and gray colors, white background, 512x512, vector style, no text",
        "enhanced": "Modern UI icon design, minimalist flat icon of a checkbox with magnifying glass, professional software icon, clean geometric shapes, green (#66BB6A) and gray (#90A4AE) colors, white background, 512x512, vector style, no text, flat design 2.0",
        "colors": ["#66BB6A", "#90A4AE"]
      },
      "PageLoaded": {
        "basic": "Minimalist flat icon of a webpage with a green checkmark or loading circle completing, simple geometric shapes, green and blue colors, white background, 512x512, vector style, no text",
        "enhanced": "Modern UI icon design, minimalist flat icon of a webpage with completion checkmark, professional software icon, clean geometric shapes, green (#66BB6A) and blue (#42A5F5) colors, white background, 512x512, vector style, no text, flat design 2.0",
        "colors": ["#66BB6A", "#42A5F5"]
      },
      "DownloadFile": {
        "basic": "Minimalist flat icon of a downward arrow into a folder or document being downloaded, simple geometric shapes, blue and indigo colors, white background, 512x512, vector style, no text",
        "enhanced": "Modern UI icon design, minimalist flat icon of downward arrow into folder, professional software icon, clean geometric shapes, blue (#1E88E5) and indigo (#3949AB) colors, white background, 512x512, vector style, no text, flat design 2.0",
        "colors": ["#1E88E5", "#3949AB"]
      }
    },
    "selects": {
      "GetSelectOptions": {
        "basic": "Minimalist flat icon of a dropdown menu list showing multiple options, simple geometric shapes, orange and yellow colors, white background, 512x512, vector style, no text",
        "enhanced": "Modern UI icon design, minimalist flat icon of a dropdown menu with multiple options, professional software icon, clean geometric shapes, orange (#FF9800) and yellow (#FFA726) colors, white background, 512x512, vector style, no text, flat design 2.0",
        "colors": ["#FF9800", "#FFA726"]
      },
      "SelectOption": {
        "basic": "Minimalist flat icon of a dropdown menu with one item being selected with a checkmark, simple geometric shapes, blue and green colors, white background, 512x512, vector style, no text",
        "enhanced": "Modern UI icon design, minimalist flat icon of a dropdown menu with selected item and checkmark, professional software icon, clean geometric shapes, blue (#42A5F5) and green (#66BB6A) colors, white background, 512x512, vector style, no text, flat design 2.0",
        "colors": ["#42A5F5", "#66BB6A"]
      }
    }
  },
  "metadata": {
    "totalNodes": 15,
    "categories": ["browser", "interactions", "selects"],
    "recommendedSize": "512x512",
    "format": "PNG or SVG",
    "style": "Flat Design 2.0",
    "aiGenerators": ["DALL-E 3", "Midjourney", "Stable Diffusion", "Leonardo.ai"]
  }
}

